date,facility_id,facility_name,facility_type,location,drug_id,drug_name,category,current_stock,min_stock,daily_usage,lead_time_days
1/7/2024,6,Delta Medical Center,Clinic,Mansoura,101,Paracetamol,Painkiller,150,35,9,3
6/22/2024,6,Delta Medical Center,Clinic,Mansoura,101,Paracetamol,Painkiller,289,25,20,7
1/24/2024,1,Cairo General Hospital,Hospital,Cairo,101,Paracetamol,Painkiller,121,34,18,10
2/20/2024,1,Cairo General Hospital,Hospital,Cairo,105,Aspirin,Cardio,289,46,9,8
1/2/2024,5,Alex Central Hospital,Hospital,Alexandria,103,Ibuprofen,Painkiller,91,64,15,6
2/25/2024,3,Giza Health Center,Clinic,Giza,102,Amoxicillin,Antibiotic,182,26,4,7
3/29/2024,1,Cairo General Hospital,Hospital,Cairo,103,Ibuprofen,Painkiller,145,71,3,12
2/1/2024,4,Nasr City Pharmacy,Pharmacy,Cairo,105,Aspirin,Cardio,203,25,19,5
4/2/2024,6,Delta Medical Center,Clinic,Mansoura,105,Aspirin,Cardio,108,65,4,1
3/15/2024,6,Delta Medical Center,Clinic,Mansoura,102,Amoxicillin,Antibiotic,50,74,9,14
3/12/2024,1,Cairo General Hospital,Hospital,Cairo,104,Insulin,Diabetes,242,60,13,3
2/23/2024,3,Giza Health Center,Clinic,Giza,103,Ibuprofen,Painkiller,146,64,4,10
5/16/2024,6,Delta Medical Center,Clinic,Mansoura,102,Amoxicillin,Antibiotic,135,30,16,7
6/25/2024,3,Giza Health Center,Clinic,Giza,106,Metformin,Diabetes,295,34,12,14
1/9/2024,1,Cairo General Hospital,Hospital,Cairo,102,Amoxicillin,Antibiotic,171,45,10,2
3/21/2024,2,El Amal Pharmacy,Pharmacy,Cairo,105,Aspirin,Cardio,118,61,17,7
2/6/2024,6,Delta Medical Center,Clinic,Mansoura,104,Insulin,Diabetes,145,28,9,12
3/8/2024,5,Alex Central Hospital,Hospital,Alexandria,105,Aspirin,Cardio,229,77,20,7
2/5/2024,3,Giza Health Center,Clinic,Giza,102,Amoxicillin,Antibiotic,270,51,4,13
2/9/2024,1,Cairo General Hospital,Hospital,Cairo,101,Paracetamol,Painkiller,91,70,15,10
4/7/2024,1,Cairo General Hospital,Hospital,Cairo,104,Insulin,Diabetes,249,53,10,9
1/30/2024,1,Cairo General Hospital,Hospital,Cairo,106,Metformin,Diabetes,284,68,10,13
1/29/2024,6,Delta Medical Center,Clinic,Mansoura,103,Ibuprofen,Painkiller,160,47,7,8
3/8/2024,1,Cairo General Hospital,Hospital,Cairo,106,Metformin,Diabetes,266,68,7,9
3/17/2024,1,Cairo General Hospital,Hospital,Cairo,106,Metformin,Diabetes,269,58,8,3
5/18/2024,3,Giza Health Center,Clinic,Giza,102,Amoxicillin,Antibiotic,281,78,2,10
1/5/2024,3,Giza Health Center,Clinic,Giza,104,Insulin,Diabetes,67,79,13,14
1/15/2024,3,Giza Health Center,Clinic,Giza,102,Amoxicillin,Antibiotic,133,76,20,2
5/4/2024,1,Cairo General Hospital,Hospital,Cairo,106,Metformin,Diabetes,45,68,19,13
6/17/2024,2,El Amal Pharmacy,Pharmacy,Cairo,102,Amoxicillin,Antibiotic,253,80,19,3
6/4/2024,3,Giza Health Center,Clinic,Giza,105,Aspirin,Cardio,226,33,19,13
2/21/2024,6,Delta Medical Center,Clinic,Mansoura,106,Metformin,Diabetes,169,45,13,8
1/31/2024,5,Alex Central Hospital,Hospital,Alexandria,104,Insulin,Diabetes,136,34,4,6
5/21/2024,1,Cairo General Hospital,Hospital,Cairo,105,Aspirin,Cardio,127,57,9,1
6/10/2024,1,Cairo General Hospital,Hospital,Cairo,106,Metformin,Diabetes,40,34,4,1
5/11/2024,3,Giza Health Center,Clinic,Giza,101,Paracetamol,Painkiller,131,37,17,4
5/26/2024,5,Alex Central Hospital,Hospital,Alexandria,102,Amoxicillin,Antibiotic,252,35,17,13
1/25/2024,4,Nasr City Pharmacy,Pharmacy,Cairo,102,Amoxicillin,Antibiotic,59,62,15,6
4/29/2024,4,Nasr City Pharmacy,Pharmacy,Cairo,104,Insulin,Diabetes,37,63,5,1
3/27/2024,4,Nasr City Pharmacy,Pharmacy,Cairo,106,Metformin,Diabetes,65,35,8,4
2/5/2024,5,Alex Central Hospital,Hospital,Alexandria,104,Insulin,Diabetes,226,31,10,8
4/23/2024,2,El Amal Pharmacy,Pharmacy,Cairo,101,Paracetamol,Painkiller,291,26,3,11
1/24/2024,5,Alex Central Hospital,Hospital,Alexandria,101,Paracetamol,Painkiller,131,30,15,8
4/12/2024,4,Nasr City Pharmacy,Pharmacy,Cairo,102,Amoxicillin,Antibiotic,40,30,14,1
4/26/2024,4,Nasr City Pharmacy,Pharmacy,Cairo,103,Ibuprofen,Painkiller,156,47,19,11
2/9/2024,6,Delta Medical Center,Clinic,Mansoura,104,Insulin,Diabetes,107,38,8,1
5/18/2024,5,Alex Central Hospital,Hospital,Alexandria,106,Metformin,Diabetes,41,67,12,1
5/2/2024,1,Cairo General Hospital,Hospital,Cairo,105,Aspirin,Cardio,267,78,18,3
1/21/2024,1,Cairo General Hospital,Hospital,Cairo,105,Aspirin,Cardio,105,24,4,11
1/31/2024,2,El Amal Pharmacy,Pharmacy,Cairo,104,Insulin,Diabetes,136,57,3,10
6/17/2024,1,Cairo General Hospital,Hospital,Cairo,104,Insulin,Diabetes,299,53,12,5
3/21/2024,2,El Amal Pharmacy,Pharmacy,Cairo,106,Metformin,Diabetes,132,36,14,3
3/17/2024,6,Delta Medical Center,Clinic,Mansoura,106,Metformin,Diabetes,244,40,4,1
5/24/2024,4,Nasr City Pharmacy,Pharmacy,Cairo,105,Aspirin,Cardio,61,24,19,4
2/3/2024,5,Alex Central Hospital,Hospital,Alexandria,103,Ibuprofen,Painkiller,188,76,4,4
2/10/2024,3,Giza Health Center,Clinic,Giza,103,Ibuprofen,Painkiller,234,73,19,12
6/16/2024,3,Giza Health Center,Clinic,Giza,105,Aspirin,Cardio,280,20,19,5
2/4/2024,6,Delta Medical Center,Clinic,Mansoura,101,Paracetamol,Painkiller,145,27,5,12
3/10/2024,5,Alex Central Hospital,Hospital,Alexandria,102,Amoxicillin,Antibiotic,154,58,8,12
6/24/2024,3,Giza Health Center,Clinic,Giza,102,Amoxicillin,Antibiotic,145,52,17,5
6/11/2024,1,Cairo General Hospital,Hospital,Cairo,101,Paracetamol,Painkiller,226,73,10,1
2/3/2024,1,Cairo General Hospital,Hospital,Cairo,103,Ibuprofen,Painkiller,144,30,16,9
5/23/2024,6,Delta Medical Center,Clinic,Mansoura,104,Insulin,Diabetes,14,27,4,12
1/10/2024,2,El Amal Pharmacy,Pharmacy,Cairo,105,Aspirin,Cardio,199,57,19,3
1/11/2024,4,Nasr City Pharmacy,Pharmacy,Cairo,102,Amoxicillin,Antibiotic,167,43,3,6
3/4/2024,2,El Amal Pharmacy,Pharmacy,Cairo,106,Metformin,Diabetes,62,42,19,14
2/9/2024,4,Nasr City Pharmacy,Pharmacy,Cairo,105,Aspirin,Cardio,131,75,7,13
1/7/2024,2,El Amal Pharmacy,Pharmacy,Cairo,104,Insulin,Diabetes,101,67,12,13
3/4/2024,4,Nasr City Pharmacy,Pharmacy,Cairo,106,Metformin,Diabetes,146,30,5,7
2/26/2024,1,Cairo General Hospital,Hospital,Cairo,104,Insulin,Diabetes,112,72,16,6
2/27/2024,3,Giza Health Center,Clinic,Giza,102,Amoxicillin,Antibiotic,22,62,8,7
1/18/2024,3,Giza Health Center,Clinic,Giza,103,Ibuprofen,Painkiller,152,42,18,7
3/25/2024,6,Delta Medical Center,Clinic,Mansoura,105,Aspirin,Cardio,24,27,10,3
1/10/2024,5,Alex Central Hospital,Hospital,Alexandria,103,Ibuprofen,Painkiller,65,58,15,6
4/21/2024,6,Delta Medical Center,Clinic,Mansoura,103,Ibuprofen,Painkiller,271,27,14,10
1/12/2024,2,El Amal Pharmacy,Pharmacy,Cairo,103,Ibuprofen,Painkiller,233,20,18,13
6/20/2024,5,Alex Central Hospital,Hospital,Alexandria,106,Metformin,Diabetes,110,43,15,2
6/8/2024,6,Delta Medical Center,Clinic,Mansoura,103,Ibuprofen,Painkiller,170,62,5,12
3/20/2024,3,Giza Health Center,Clinic,Giza,105,Aspirin,Cardio,219,40,14,12
2/2/2024,3,Giza Health Center,Clinic,Giza,105,Aspirin,Cardio,108,46,14,11
6/6/2024,6,Delta Medical Center,Clinic,Mansoura,102,Amoxicillin,Antibiotic,164,45,19,14
3/14/2024,1,Cairo General Hospital,Hospital,Cairo,103,Ibuprofen,Painkiller,117,47,20,10
4/29/2024,6,Delta Medical Center,Clinic,Mansoura,103,Ibuprofen,Painkiller,236,48,8,9
2/13/2024,4,Nasr City Pharmacy,Pharmacy,Cairo,106,Metformin,Diabetes,53,38,18,11
3/26/2024,6,Delta Medical Center,Clinic,Mansoura,105,Aspirin,Cardio,57,72,9,11
2/20/2024,3,Giza Health Center,Clinic,Giza,102,Amoxicillin,Antibiotic,85,21,3,4
1/19/2024,4,Nasr City Pharmacy,Pharmacy,Cairo,105,Aspirin,Cardio,243,46,20,4
4/8/2024,6,Delta Medical Center,Clinic,Mansoura,106,Metformin,Diabetes,263,45,9,3
1/2/2024,6,Delta Medical Center,Clinic,Mansoura,106,Metformin,Diabetes,64,69,15,4
5/12/2024,2,El Amal Pharmacy,Pharmacy,Cairo,106,Metformin,Diabetes,247,23,19,4
2/4/2024,1,Cairo General Hospital,Hospital,Cairo,104,Insulin,Diabetes,247,62,18,9
4/23/2024,5,Alex Central Hospital,Hospital,Alexandria,103,Ibuprofen,Painkiller,268,47,19,8
5/1/2024,2,El Amal Pharmacy,Pharmacy,Cairo,106,Metformin,Diabetes,240,36,9,14
5/13/2024,6,Delta Medical Center,Clinic,Mansoura,103,Ibuprofen,Painkiller,258,60,9,5
3/14/2024,4,Nasr City Pharmacy,Pharmacy,Cairo,101,Paracetamol,Painkiller,130,37,12,6
2/5/2024,5,Alex Central Hospital,Hospital,Alexandria,101,Paracetamol,Painkiller,87,34,14,12
2/24/2024,2,El Amal Pharmacy,Pharmacy,Cairo,106,Metformin,Diabetes,42,46,15,6
4/16/2024,5,Alex Central Hospital,Hospital,Alexandria,104,Insulin,Diabetes,41,33,15,7
1/6/2024,5,Alex Central Hospital,Hospital,Alexandria,106,Metformin,Diabetes,204,50,2,6
4/17/2024,3,Giza Health Center,Clinic,Giza,104,Insulin,Diabetes,285,67,19,13
5/4/2024,5,Alex Central Hospital,Hospital,Alexandria,102,Amoxicillin,Antibiotic,122,37,15,8
3/27/2024,1,Cairo General Hospital,Hospital,Cairo,104,Insulin,Diabetes,217,66,7,14
6/8/2024,4,Nasr City Pharmacy,Pharmacy,Cairo,102,Amoxicillin,Antibiotic,283,21,14,10
1/7/2024,5,Alex Central Hospital,Hospital,Alexandria,106,Metformin,Diabetes,52,61,15,3
1/13/2024,4,Nasr City Pharmacy,Pharmacy,Cairo,102,Amoxicillin,Antibiotic,143,44,12,4
3/27/2024,4,Nasr City Pharmacy,Pharmacy,Cairo,103,Ibuprofen,Painkiller,204,37,15,5
1/5/2024,1,Cairo General Hospital,Hospital,Cairo,104,Insulin,Diabetes,286,23,13,4
6/15/2024,6,Delta Medical Center,Clinic,Mansoura,101,Paracetamol,Painkiller,30,68,2,4
6/8/2024,2,El Amal Pharmacy,Pharmacy,Cairo,101,Paracetamol,Painkiller,88,35,6,8
5/24/2024,6,Delta Medical Center,Clinic,Mansoura,101,Paracetamol,Painkiller,121,49,10,13
6/4/2024,3,Giza Health Center,Clinic,Giza,102,Amoxicillin,Antibiotic,68,69,7,5
1/7/2024,1,Cairo General Hospital,Hospital,Cairo,105,Aspirin,Cardio,169,56,14,7
1/20/2024,6,Delta Medical Center,Clinic,Mansoura,102,Amoxicillin,Antibiotic,134,26,11,14
1/31/2024,6,Delta Medical Center,Clinic,Mansoura,105,Aspirin,Cardio,299,70,3,6
6/18/2024,5,Alex Central Hospital,Hospital,Alexandria,104,Insulin,Diabetes,199,24,18,11
4/17/2024,3,Giza Health Center,Clinic,Giza,101,Paracetamol,Painkiller,260,26,15,6
2/9/2024,6,Delta Medical Center,Clinic,Mansoura,104,Insulin,Diabetes,232,31,18,11
5/17/2024,3,Giza Health Center,Clinic,Giza,105,Aspirin,Cardio,257,49,15,14
3/9/2024,6,Delta Medical Center,Clinic,Mansoura,105,Aspirin,Cardio,175,74,9,14
4/25/2024,1,Cairo General Hospital,Hospital,Cairo,103,Ibuprofen,Painkiller,134,68,16,10
4/7/2024,5,Alex Central Hospital,Hospital,Alexandria,106,Metformin,Diabetes,182,21,17,14
5/4/2024,3,Giza Health Center,Clinic,Giza,102,Amoxicillin,Antibiotic,118,42,10,6
6/28/2024,3,Giza Health Center,Clinic,Giza,105,Aspirin,Cardio,151,55,2,9
3/2/2024,2,El Amal Pharmacy,Pharmacy,Cairo,101,Paracetamol,Painkiller,218,51,19,13
5/1/2024,2,El Amal Pharmacy,Pharmacy,Cairo,106,Metformin,Diabetes,261,48,2,2
4/13/2024,3,Giza Health Center,Clinic,Giza,102,Amoxicillin,Antibiotic,134,39,20,6
5/15/2024,4,Nasr City Pharmacy,Pharmacy,Cairo,105,Aspirin,Cardio,186,47,19,6
4/26/2024,3,Giza Health Center,Clinic,Giza,106,Metformin,Diabetes,148,39,10,4
2/19/2024,1,Cairo General Hospital,Hospital,Cairo,106,Metformin,Diabetes,171,27,19,13
2/19/2024,6,Delta Medical Center,Clinic,Mansoura,102,Amoxicillin,Antibiotic,120,67,17,5
5/14/2024,6,Delta Medical Center,Clinic,Mansoura,105,Aspirin,Cardio,154,26,8,5
2/15/2024,2,El Amal Pharmacy,Pharmacy,Cairo,103,Ibuprofen,Painkiller,164,20,19,3
1/14/2024,3,Giza Health Center,Clinic,Giza,101,Paracetamol,Painkiller,293,38,6,11
1/4/2024,4,Nasr City Pharmacy,Pharmacy,Cairo,101,Paracetamol,Painkiller,155,50,17,8
1/14/2024,3,Giza Health Center,Clinic,Giza,102,Amoxicillin,Antibiotic,139,80,17,2
5/5/2024,1,Cairo General Hospital,Hospital,Cairo,104,Insulin,Diabetes,47,56,3,3
3/18/2024,2,El Amal Pharmacy,Pharmacy,Cairo,105,Aspirin,Cardio,53,35,5,9
6/1/2024,4,Nasr City Pharmacy,Pharmacy,Cairo,105,Aspirin,Cardio,125,69,18,7
3/17/2024,4,Nasr City Pharmacy,Pharmacy,Cairo,104,Insulin,Diabetes,229,39,20,10
1/26/2024,1,Cairo General Hospital,Hospital,Cairo,105,Aspirin,Cardio,116,60,8,5
2/10/2024,6,Delta Medical Center,Clinic,Mansoura,101,Paracetamol,Painkiller,132,31,19,2
4/14/2024,2,El Amal Pharmacy,Pharmacy,Cairo,101,Paracetamol,Painkiller,240,64,17,5
3/14/2024,1,Cairo General Hospital,Hospital,Cairo,102,Amoxicillin,Antibiotic,154,64,16,2
3/8/2024,6,Delta Medical Center,Clinic,Mansoura,102,Amoxicillin,Antibiotic,111,47,5,9
2/8/2024,2,El Amal Pharmacy,Pharmacy,Cairo,106,Metformin,Diabetes,146,72,6,2
3/19/2024,1,Cairo General Hospital,Hospital,Cairo,102,Amoxicillin,Antibiotic,157,48,5,8
6/28/2024,6,Delta Medical Center,Clinic,Mansoura,103,Ibuprofen,Painkiller,216,80,10,9
4/22/2024,5,Alex Central Hospital,Hospital,Alexandria,104,Insulin,Diabetes,51,58,3,7
6/3/2024,6,Delta Medical Center,Clinic,Mansoura,103,Ibuprofen,Painkiller,138,21,4,4
5/30/2024,6,Delta Medical Center,Clinic,Mansoura,105,Aspirin,Cardio,20,68,10,10
4/30/2024,1,Cairo General Hospital,Hospital,Cairo,102,Amoxicillin,Antibiotic,275,61,16,5
4/21/2024,2,El Amal Pharmacy,Pharmacy,Cairo,105,Aspirin,Cardio,261,25,17,6
3/23/2024,4,Nasr City Pharmacy,Pharmacy,Cairo,103,Ibuprofen,Painkiller,63,74,7,6
5/6/2024,4,Nasr City Pharmacy,Pharmacy,Cairo,106,Metformin,Diabetes,157,62,14,14
4/26/2024,5,Alex Central Hospital,Hospital,Alexandria,101,Paracetamol,Painkiller,55,40,10,6
5/11/2024,1,Cairo General Hospital,Hospital,Cairo,104,Insulin,Diabetes,10,62,19,8
2/18/2024,4,Nasr City Pharmacy,Pharmacy,Cairo,101,Paracetamol,Painkiller,275,43,17,11
2/22/2024,4,Nasr City Pharmacy,Pharmacy,Cairo,101,Paracetamol,Painkiller,146,55,6,5
5/4/2024,4,Nasr City Pharmacy,Pharmacy,Cairo,106,Metformin,Diabetes,72,21,9,12
5/21/2024,2,El Amal Pharmacy,Pharmacy,Cairo,103,Ibuprofen,Painkiller,17,55,15,2
4/28/2024,2,El Amal Pharmacy,Pharmacy,Cairo,101,Paracetamol,Painkiller,70,61,6,8
5/10/2024,6,Delta Medical Center,Clinic,Mansoura,103,Ibuprofen,Painkiller,149,46,17,8
5/21/2024,2,El Amal Pharmacy,Pharmacy,Cairo,104,Insulin,Diabetes,84,44,8,10
2/4/2024,5,Alex Central Hospital,Hospital,Alexandria,106,Metformin,Diabetes,45,37,15,6
1/1/2024,5,Alex Central Hospital,Hospital,Alexandria,103,Ibuprofen,Painkiller,154,66,11,14
6/17/2024,5,Alex Central Hospital,Hospital,Alexandria,105,Aspirin,Cardio,260,75,6,8
3/29/2024,5,Alex Central Hospital,Hospital,Alexandria,104,Insulin,Diabetes,180,55,19,7
2/18/2024,4,Nasr City Pharmacy,Pharmacy,Cairo,103,Ibuprofen,Painkiller,132,56,14,4
3/22/2024,4,Nasr City Pharmacy,Pharmacy,Cairo,101,Paracetamol,Painkiller,252,65,14,7
2/8/2024,6,Delta Medical Center,Clinic,Mansoura,106,Metformin,Diabetes,263,22,6,9
1/26/2024,5,Alex Central Hospital,Hospital,Alexandria,103,Ibuprofen,Painkiller,235,26,18,8
2/6/2024,1,Cairo General Hospital,Hospital,Cairo,106,Metformin,Diabetes,219,75,6,2
3/27/2024,4,Nasr City Pharmacy,Pharmacy,Cairo,103,Ibuprofen,Painkiller,213,61,4,14
5/16/2024,3,Giza Health Center,Clinic,Giza,106,Metformin,Diabetes,204,40,17,14
6/7/2024,5,Alex Central Hospital,Hospital,Alexandria,101,Paracetamol,Painkiller,45,35,11,4
4/21/2024,6,Delta Medical Center,Clinic,Mansoura,101,Paracetamol,Painkiller,60,68,5,8
3/17/2024,2,El Amal Pharmacy,Pharmacy,Cairo,106,Metformin,Diabetes,24,22,12,13
4/1/2024,1,Cairo General Hospital,Hospital,Cairo,103,Ibuprofen,Painkiller,201,47,6,4
5/24/2024,5,Alex Central Hospital,Hospital,Alexandria,104,Insulin,Diabetes,102,30,7,2
6/7/2024,5,Alex Central Hospital,Hospital,Alexandria,104,Insulin,Diabetes,133,51,20,3
6/12/2024,2,El Amal Pharmacy,Pharmacy,Cairo,104,Insulin,Diabetes,140,49,10,11
3/14/2024,1,Cairo General Hospital,Hospital,Cairo,104,Insulin,Diabetes,289,30,4,8
3/17/2024,3,Giza Health Center,Clinic,Giza,105,Aspirin,Cardio,227,64,10,8
4/8/2024,3,Giza Health Center,Clinic,Giza,102,Amoxicillin,Antibiotic,257,26,9,7
5/27/2024,5,Alex Central Hospital,Hospital,Alexandria,103,Ibuprofen,Painkiller,161,64,11,1
3/11/2024,6,Delta Medical Center,Clinic,Mansoura,104,Insulin,Diabetes,14,56,3,10
3/14/2024,6,Delta Medical Center,Clinic,Mansoura,104,Insulin,Diabetes,127,58,13,4
6/7/2024,6,Delta Medical Center,Clinic,Mansoura,102,Amoxicillin,Antibiotic,138,63,6,11
6/14/2024,1,Cairo General Hospital,Hospital,Cairo,106,Metformin,Diabetes,30,39,16,1
2/3/2024,5,Alex Central Hospital,Hospital,Alexandria,103,Ibuprofen,Painkiller,56,78,11,6
2/14/2024,6,Delta Medical Center,Clinic,Mansoura,104,Insulin,Diabetes,112,28,19,6
3/10/2024,5,Alex Central Hospital,Hospital,Alexandria,105,Aspirin,Cardio,94,36,17,13
3/27/2024,3,Giza Health Center,Clinic,Giza,106,Metformin,Diabetes,68,49,4,3
6/21/2024,2,El Amal Pharmacy,Pharmacy,Cairo,106,Metformin,Diabetes,213,74,19,6
1/4/2024,1,Cairo General Hospital,Hospital,Cairo,104,Insulin,Diabetes,145,54,5,8
6/21/2024,3,Giza Health Center,Clinic,Giza,106,Metformin,Diabetes,144,57,14,14
1/28/2024,6,Delta Medical Center,Clinic,Mansoura,103,Ibuprofen,Painkiller,129,50,2,10
6/5/2024,5,Alex Central Hospital,Hospital,Alexandria,103,Ibuprofen,Painkiller,123,61,4,11
3/18/2024,4,Nasr City Pharmacy,Pharmacy,Cairo,106,Metformin,Diabetes,219,27,6,1
5/6/2024,1,Cairo General Hospital,Hospital,Cairo,103,Ibuprofen,Painkiller,69,26,9,9
4/26/2024,2,El Amal Pharmacy,Pharmacy,Cairo,104,Insulin,Diabetes,199,62,19,7
2/9/2024,5,Alex Central Hospital,Hospital,Alexandria,106,Metformin,Diabetes,222,61,5,14
4/14/2024,4,Nasr City Pharmacy,Pharmacy,Cairo,105,Aspirin,Cardio,153,22,13,4
3/1/2024,4,Nasr City Pharmacy,Pharmacy,Cairo,104,Insulin,Diabetes,195,26,13,9
1/16/2024,6,Delta Medical Center,Clinic,Mansoura,103,Ibuprofen,Painkiller,213,37,8,2
6/18/2024,4,Nasr City Pharmacy,Pharmacy,Cairo,101,Paracetamol,Painkiller,118,61,2,1
2/2/2024,3,Giza Health Center,Clinic,Giza,102,Amoxicillin,Antibiotic,299,33,4,14
5/30/2024,5,Alex Central Hospital,Hospital,Alexandria,102,Amoxicillin,Antibiotic,120,72,9,6
1/1/2024,2,El Amal Pharmacy,Pharmacy,Cairo,105,Aspirin,Cardio,151,74,6,3
2/14/2024,5,Alex Central Hospital,Hospital,Alexandria,103,Ibuprofen,Painkiller,66,62,2,3
3/1/2024,1,Cairo General Hospital,Hospital,Cairo,103,Ibuprofen,Painkiller,175,21,7,5
4/17/2024,1,Cairo General Hospital,Hospital,Cairo,102,Amoxicillin,Antibiotic,279,27,4,8
5/11/2024,4,Nasr City Pharmacy,Pharmacy,Cairo,103,Ibuprofen,Painkiller,65,48,18,4
6/17/2024,5,Alex Central Hospital,Hospital,Alexandria,101,Paracetamol,Painkiller,276,39,16,11
5/2/2024,1,Cairo General Hospital,Hospital,Cairo,101,Paracetamol,Painkiller,215,47,5,8
1/19/2024,6,Delta Medical Center,Clinic,Mansoura,104,Insulin,Diabetes,51,40,6,2
6/8/2024,2,El Amal Pharmacy,Pharmacy,Cairo,103,Ibuprofen,Painkiller,290,65,12,7
3/16/2024,5,Alex Central Hospital,Hospital,Alexandria,105,Aspirin,Cardio,242,52,15,2
6/16/2024,6,Delta Medical Center,Clinic,Mansoura,101,Paracetamol,Painkiller,292,66,8,7
4/15/2024,4,Nasr City Pharmacy,Pharmacy,Cairo,102,Amoxicillin,Antibiotic,183,72,16,7
1/25/2024,4,Nasr City Pharmacy,Pharmacy,Cairo,106,Metformin,Diabetes,170,47,12,11
2/9/2024,3,Giza Health Center,Clinic,Giza,103,Ibuprofen,Painkiller,252,24,4,14
4/20/2024,1,Cairo General Hospital,Hospital,Cairo,101,Paracetamol,Painkiller,59,67,13,13
1/16/2024,2,El Amal Pharmacy,Pharmacy,Cairo,105,Aspirin,Cardio,297,55,12,11
3/31/2024,1,Cairo General Hospital,Hospital,Cairo,104,Insulin,Diabetes,226,75,3,5
3/31/2024,5,Alex Central Hospital,Hospital,Alexandria,103,Ibuprofen,Painkiller,63,56,18,4
5/3/2024,2,El Amal Pharmacy,Pharmacy,Cairo,106,Metformin,Diabetes,124,74,5,6
1/30/2024,5,Alex Central Hospital,Hospital,Alexandria,103,Ibuprofen,Painkiller,152,56,9,13
6/8/2024,4,Nasr City Pharmacy,Pharmacy,Cairo,105,Aspirin,Cardio,295,21,10,1
6/28/2024,2,El Amal Pharmacy,Pharmacy,Cairo,103,Ibuprofen,Painkiller,168,78,12,6
2/6/2024,1,Cairo General Hospital,Hospital,Cairo,102,Amoxicillin,Antibiotic,299,62,14,2
6/11/2024,2,El Amal Pharmacy,Pharmacy,Cairo,106,Metformin,Diabetes,25,25,18,4
4/26/2024,4,Nasr City Pharmacy,Pharmacy,Cairo,104,Insulin,Diabetes,184,30,13,5
5/25/2024,6,Delta Medical Center,Clinic,Mansoura,103,Ibuprofen,Painkiller,53,76,3,3
1/13/2024,2,El Amal Pharmacy,Pharmacy,Cairo,105,Aspirin,Cardio,51,37,16,11
6/4/2024,4,Nasr City Pharmacy,Pharmacy,Cairo,104,Insulin,Diabetes,236,46,10,4
3/29/2024,5,Alex Central Hospital,Hospital,Alexandria,101,Paracetamol,Painkiller,230,27,11,11
5/4/2024,6,Delta Medical Center,Clinic,Mansoura,105,Aspirin,Cardio,279,62,11,1
6/2/2024,2,El Amal Pharmacy,Pharmacy,Cairo,104,Insulin,Diabetes,38,20,8,5
3/6/2024,2,El Amal Pharmacy,Pharmacy,Cairo,102,Amoxicillin,Antibiotic,158,40,5,1
4/20/2024,4,Nasr City Pharmacy,Pharmacy,Cairo,106,Metformin,Diabetes,99,28,14,9
5/8/2024,6,Delta Medical Center,Clinic,Mansoura,102,Amoxicillin,Antibiotic,296,73,13,2
1/11/2024,4,Nasr City Pharmacy,Pharmacy,Cairo,106,Metformin,Diabetes,233,21,16,2
4/19/2024,3,Giza Health Center,Clinic,Giza,105,Aspirin,Cardio,217,65,15,5
1/6/2024,1,Cairo General Hospital,Hospital,Cairo,104,Insulin,Diabetes,176,30,16,14
1/23/2024,6,Delta Medical Center,Clinic,Mansoura,103,Ibuprofen,Painkiller,233,74,5,4
4/12/2024,4,Nasr City Pharmacy,Pharmacy,Cairo,105,Aspirin,Cardio,278,25,14,14
3/27/2024,3,Giza Health Center,Clinic,Giza,106,Metformin,Diabetes,123,41,7,2
1/30/2024,5,Alex Central Hospital,Hospital,Alexandria,106,Metformin,Diabetes,281,52,8,13
6/14/2024,3,Giza Health Center,Clinic,Giza,103,Ibuprofen,Painkiller,85,35,5,3
2/14/2024,3,Giza Health Center,Clinic,Giza,102,Amoxicillin,Antibiotic,88,68,4,3
4/28/2024,6,Delta Medical Center,Clinic,Mansoura,104,Insulin,Diabetes,298,68,20,8
6/13/2024,6,Delta Medical Center,Clinic,Mansoura,105,Aspirin,Cardio,175,75,12,3
4/30/2024,4,Nasr City Pharmacy,Pharmacy,Cairo,101,Paracetamol,Painkiller,236,60,11,13
1/15/2024,3,Giza Health Center,Clinic,Giza,105,Aspirin,Cardio,190,52,4,5
1/10/2024,4,Nasr City Pharmacy,Pharmacy,Cairo,104,Insulin,Diabetes,39,43,11,2
6/6/2024,6,Delta Medical Center,Clinic,Mansoura,101,Paracetamol,Painkiller,269,44,16,10
1/11/2024,5,Alex Central Hospital,Hospital,Alexandria,106,Metformin,Diabetes,240,78,20,11
6/3/2024,2,El Amal Pharmacy,Pharmacy,Cairo,103,Ibuprofen,Painkiller,253,52,6,1
3/28/2024,4,Nasr City Pharmacy,Pharmacy,Cairo,101,Paracetamol,Painkiller,53,52,7,1
4/22/2024,2,El Amal Pharmacy,Pharmacy,Cairo,106,Metformin,Diabetes,234,53,18,10
4/5/2024,2,El Amal Pharmacy,Pharmacy,Cairo,103,Ibuprofen,Painkiller,154,44,15,13
6/2/2024,3,Giza Health Center,Clinic,Giza,106,Metformin,Diabetes,36,70,12,2
5/22/2024,3,Giza Health Center,Clinic,Giza,101,Paracetamol,Painkiller,207,38,10,12
2/8/2024,6,Delta Medical Center,Clinic,Mansoura,105,Aspirin,Cardio,180,25,20,11
3/20/2024,2,El Amal Pharmacy,Pharmacy,Cairo,103,Ibuprofen,Painkiller,210,28,4,5
6/13/2024,5,Alex Central Hospital,Hospital,Alexandria,104,Insulin,Diabetes,178,72,6,11
6/24/2024,6,Delta Medical Center,Clinic,Mansoura,106,Metformin,Diabetes,279,25,15,9
4/2/2024,3,Giza Health Center,Clinic,Giza,101,Paracetamol,Painkiller,168,31,8,6
2/27/2024,4,Nasr City Pharmacy,Pharmacy,Cairo,102,Amoxicillin,Antibiotic,80,29,4,5
5/18/2024,1,Cairo General Hospital,Hospital,Cairo,105,Aspirin,Cardio,279,22,12,13
6/1/2024,5,Alex Central Hospital,Hospital,Alexandria,102,Amoxicillin,Antibiotic,202,29,7,3
2/12/2024,6,Delta Medical Center,Clinic,Mansoura,105,Aspirin,Cardio,234,22,15,6
3/1/2024,6,Delta Medical Center,Clinic,Mansoura,106,Metformin,Diabetes,237,59,11,13
2/29/2024,6,Delta Medical Center,Clinic,Mansoura,104,Insulin,Diabetes,283,35,11,13
4/4/2024,4,Nasr City Pharmacy,Pharmacy,Cairo,102,Amoxicillin,Antibiotic,235,49,11,13
5/15/2024,4,Nasr City Pharmacy,Pharmacy,Cairo,105,Aspirin,Cardio,224,30,8,13
3/5/2024,5,Alex Central Hospital,Hospital,Alexandria,102,Amoxicillin,Antibiotic,36,61,17,14
1/27/2024,3,Giza Health Center,Clinic,Giza,105,Aspirin,Cardio,274,74,5,5
3/10/2024,1,Cairo General Hospital,Hospital,Cairo,102,Amoxicillin,Antibiotic,240,77,18,3
2/26/2024,4,Nasr City Pharmacy,Pharmacy,Cairo,101,Paracetamol,Painkiller,240,76,13,1
4/11/2024,4,Nasr City Pharmacy,Pharmacy,Cairo,101,Paracetamol,Painkiller,267,43,9,7
2/27/2024,1,Cairo General Hospital,Hospital,Cairo,103,Ibuprofen,Painkiller,24,40,5,14
3/26/2024,6,Delta Medical Center,Clinic,Mansoura,106,Metformin,Diabetes,84,28,3,5
2/5/2024,4,Nasr City Pharmacy,Pharmacy,Cairo,106,Metformin,Diabetes,250,48,2,2
2/25/2024,1,Cairo General Hospital,Hospital,Cairo,103,Ibuprofen,Painkiller,86,55,18,7
3/1/2024,1,Cairo General Hospital,Hospital,Cairo,103,Ibuprofen,Painkiller,164,27,3,4
6/8/2024,4,Nasr City Pharmacy,Pharmacy,Cairo,106,Metformin,Diabetes,244,24,5,14
5/17/2024,4,Nasr City Pharmacy,Pharmacy,Cairo,105,Aspirin,Cardio,18,60,18,10
2/6/2024,2,El Amal Pharmacy,Pharmacy,Cairo,106,Metformin,Diabetes,159,47,2,10
5/26/2024,3,Giza Health Center,Clinic,Giza,102,Amoxicillin,Antibiotic,223,31,4,9
5/14/2024,3,Giza Health Center,Clinic,Giza,101,Paracetamol,Painkiller,288,52,18,9
4/30/2024,1,Cairo General Hospital,Hospital,Cairo,104,Insulin,Diabetes,32,60,14,6
1/5/2024,3,Giza Health Center,Clinic,Giza,106,Metformin,Diabetes,192,70,4,6
6/17/2024,2,El Amal Pharmacy,Pharmacy,Cairo,106,Metformin,Diabetes,63,69,20,12
1/12/2024,3,Giza Health Center,Clinic,Giza,102,Amoxicillin,Antibiotic,190,54,12,14
6/24/2024,6,Delta Medical Center,Clinic,Mansoura,102,Amoxicillin,Antibiotic,247,64,17,11
1/17/2024,2,El Amal Pharmacy,Pharmacy,Cairo,102,Amoxicillin,Antibiotic,244,22,11,4
1/11/2024,1,Cairo General Hospital,Hospital,Cairo,102,Amoxicillin,Antibiotic,171,79,11,9
5/1/2024,4,Nasr City Pharmacy,Pharmacy,Cairo,105,Aspirin,Cardio,139,22,8,5
6/16/2024,3,Giza Health Center,Clinic,Giza,101,Paracetamol,Painkiller,179,37,5,13
4/12/2024,3,Giza Health Center,Clinic,Giza,104,Insulin,Diabetes,235,77,14,6
6/26/2024,2,El Amal Pharmacy,Pharmacy,Cairo,104,Insulin,Diabetes,264,43,18,5
4/18/2024,1,Cairo General Hospital,Hospital,Cairo,106,Metformin,Diabetes,50,47,7,9
1/27/2024,3,Giza Health Center,Clinic,Giza,103,Ibuprofen,Painkiller,50,40,11,5
4/19/2024,4,Nasr City Pharmacy,Pharmacy,Cairo,105,Aspirin,Cardio,95,64,16,6
3/31/2024,4,Nasr City Pharmacy,Pharmacy,Cairo,101,Paracetamol,Painkiller,232,37,3,2
4/13/2024,6,Delta Medical Center,Clinic,Mansoura,106,Metformin,Diabetes,196,52,7,1
6/22/2024,2,El Amal Pharmacy,Pharmacy,Cairo,105,Aspirin,Cardio,234,22,6,2
4/3/2024,2,El Amal Pharmacy,Pharmacy,Cairo,106,Metformin,Diabetes,195,44,20,1
6/22/2024,5,Alex Central Hospital,Hospital,Alexandria,102,Amoxicillin,Antibiotic,240,80,13,6
5/26/2024,4,Nasr City Pharmacy,Pharmacy,Cairo,101,Paracetamol,Painkiller,80,53,13,7
3/12/2024,3,Giza Health Center,Clinic,Giza,106,Metformin,Diabetes,137,27,2,12
5/12/2024,2,El Amal Pharmacy,Pharmacy,Cairo,104,Insulin,Diabetes,208,78,19,2
6/29/2024,3,Giza Health Center,Clinic,Giza,103,Ibuprofen,Painkiller,238,33,11,12
2/1/2024,4,Nasr City Pharmacy,Pharmacy,Cairo,102,Amoxicillin,Antibiotic,79,74,4,8
4/23/2024,2,El Amal Pharmacy,Pharmacy,Cairo,106,Metformin,Diabetes,54,71,12,11
1/17/2024,3,Giza Health Center,Clinic,Giza,106,Metformin,Diabetes,291,54,11,5
6/28/2024,2,El Amal Pharmacy,Pharmacy,Cairo,106,Metformin,Diabetes,99,70,13,9
2/21/2024,2,El Amal Pharmacy,Pharmacy,Cairo,101,Paracetamol,Painkiller,81,35,17,1
5/26/2024,3,Giza Health Center,Clinic,Giza,105,Aspirin,Cardio,198,49,19,3
1/17/2024,5,Alex Central Hospital,Hospital,Alexandria,101,Paracetamol,Painkiller,168,45,17,9
5/27/2024,4,Nasr City Pharmacy,Pharmacy,Cairo,104,Insulin,Diabetes,47,28,12,11
4/29/2024,1,Cairo General Hospital,Hospital,Cairo,104,Insulin,Diabetes,274,42,6,14
5/30/2024,5,Alex Central Hospital,Hospital,Alexandria,106,Metformin,Diabetes,103,69,6,7
2/1/2024,5,Alex Central Hospital,Hospital,Alexandria,101,Paracetamol,Painkiller,275,29,11,3
2/27/2024,2,El Amal Pharmacy,Pharmacy,Cairo,103,Ibuprofen,Painkiller,187,80,18,5
2/20/2024,1,Cairo General Hospital,Hospital,Cairo,103,Ibuprofen,Painkiller,292,37,6,11
5/16/2024,3,Giza Health Center,Clinic,Giza,105,Aspirin,Cardio,57,52,7,10
2/13/2024,5,Alex Central Hospital,Hospital,Alexandria,102,Amoxicillin,Antibiotic,182,73,20,1
1/12/2024,1,Cairo General Hospital,Hospital,Cairo,101,Paracetamol,Painkiller,145,61,8,13
6/7/2024,5,Alex Central Hospital,Hospital,Alexandria,104,Insulin,Diabetes,25,51,19,5
5/3/2024,6,Delta Medical Center,Clinic,Mansoura,103,Ibuprofen,Painkiller,135,71,14,5
6/25/2024,4,Nasr City Pharmacy,Pharmacy,Cairo,101,Paracetamol,Painkiller,40,30,16,7
2/22/2024,4,Nasr City Pharmacy,Pharmacy,Cairo,104,Insulin,Diabetes,184,58,6,6
3/29/2024,6,Delta Medical Center,Clinic,Mansoura,103,Ibuprofen,Painkiller,214,28,13,9
3/22/2024,5,Alex Central Hospital,Hospital,Alexandria,101,Paracetamol,Painkiller,133,49,5,5
2/6/2024,4,Nasr City Pharmacy,Pharmacy,Cairo,102,Amoxicillin,Antibiotic,59,23,11,7
3/4/2024,5,Alex Central Hospital,Hospital,Alexandria,104,Insulin,Diabetes,91,72,12,10
2/18/2024,6,Delta Medical Center,Clinic,Mansoura,103,Ibuprofen,Painkiller,91,51,18,8
5/7/2024,4,Nasr City Pharmacy,Pharmacy,Cairo,103,Ibuprofen,Painkiller,21,25,14,9
2/25/2024,4,Nasr City Pharmacy,Pharmacy,Cairo,102,Amoxicillin,Antibiotic,190,23,3,5
6/16/2024,4,Nasr City Pharmacy,Pharmacy,Cairo,105,Aspirin,Cardio,250,38,19,1
2/4/2024,1,Cairo General Hospital,Hospital,Cairo,104,Insulin,Diabetes,145,66,13,13
1/12/2024,4,Nasr City Pharmacy,Pharmacy,Cairo,103,Ibuprofen,Painkiller,215,23,20,9
5/21/2024,2,El Amal Pharmacy,Pharmacy,Cairo,103,Ibuprofen,Painkiller,157,24,14,9
3/12/2024,4,Nasr City Pharmacy,Pharmacy,Cairo,105,Aspirin,Cardio,70,28,5,7
5/22/2024,3,Giza Health Center,Clinic,Giza,103,Ibuprofen,Painkiller,197,68,6,4
4/12/2024,5,Alex Central Hospital,Hospital,Alexandria,105,Aspirin,Cardio,266,22,3,1
3/26/2024,2,El Amal Pharmacy,Pharmacy,Cairo,106,Metformin,Diabetes,252,53,16,3
2/5/2024,5,Alex Central Hospital,Hospital,Alexandria,105,Aspirin,Cardio,177,79,12,3
3/17/2024,4,Nasr City Pharmacy,Pharmacy,Cairo,105,Aspirin,Cardio,182,52,18,9
5/24/2024,4,Nasr City Pharmacy,Pharmacy,Cairo,106,Metformin,Diabetes,163,50,2,6
1/29/2024,3,Giza Health Center,Clinic,Giza,106,Metformin,Diabetes,223,57,11,13
6/10/2024,6,Delta Medical Center,Clinic,Mansoura,106,Metformin,Diabetes,23,58,17,5
5/27/2024,6,Delta Medical Center,Clinic,Mansoura,105,Aspirin,Cardio,126,66,3,10
5/14/2024,4,Nasr City Pharmacy,Pharmacy,Cairo,102,Amoxicillin,Antibiotic,204,29,9,1
1/29/2024,5,Alex Central Hospital,Hospital,Alexandria,106,Metformin,Diabetes,107,21,16,6
4/15/2024,4,Nasr City Pharmacy,Pharmacy,Cairo,102,Amoxicillin,Antibiotic,114,46,18,13
1/16/2024,5,Alex Central Hospital,Hospital,Alexandria,104,Insulin,Diabetes,80,53,8,9
5/2/2024,3,Giza Health Center,Clinic,Giza,106,Metformin,Diabetes,279,44,12,3
3/28/2024,4,Nasr City Pharmacy,Pharmacy,Cairo,105,Aspirin,Cardio,289,42,10,10
3/4/2024,4,Nasr City Pharmacy,Pharmacy,Cairo,102,Amoxicillin,Antibiotic,152,55,11,4
6/29/2024,3,Giza Health Center,Clinic,Giza,103,Ibuprofen,Painkiller,116,64,17,6
5/23/2024,4,Nasr City Pharmacy,Pharmacy,Cairo,103,Ibuprofen,Painkiller,150,38,5,10
4/7/2024,6,Delta Medical Center,Clinic,Mansoura,105,Aspirin,Cardio,212,72,13,13
1/11/2024,2,El Amal Pharmacy,Pharmacy,Cairo,103,Ibuprofen,Painkiller,157,65,4,6
3/6/2024,4,Nasr City Pharmacy,Pharmacy,Cairo,106,Metformin,Diabetes,255,33,8,14
5/23/2024,5,Alex Central Hospital,Hospital,Alexandria,103,Ibuprofen,Painkiller,149,28,5,10
3/2/2024,6,Delta Medical Center,Clinic,Mansoura,105,Aspirin,Cardio,134,23,18,4
1/14/2024,6,Delta Medical Center,Clinic,Mansoura,102,Amoxicillin,Antibiotic,61,46,12,12
6/23/2024,4,Nasr City Pharmacy,Pharmacy,Cairo,101,Paracetamol,Painkiller,80,20,19,3
5/1/2024,4,Nasr City Pharmacy,Pharmacy,Cairo,106,Metformin,Diabetes,254,61,8,13
3/14/2024,3,Giza Health Center,Clinic,Giza,103,Ibuprofen,Painkiller,40,78,4,11
5/16/2024,5,Alex Central Hospital,Hospital,Alexandria,102,Amoxicillin,Antibiotic,29,78,7,7
4/11/2024,2,El Amal Pharmacy,Pharmacy,Cairo,101,Paracetamol,Painkiller,263,31,11,1
5/25/2024,1,Cairo General Hospital,Hospital,Cairo,103,Ibuprofen,Painkiller,64,79,12,5
5/19/2024,4,Nasr City Pharmacy,Pharmacy,Cairo,106,Metformin,Diabetes,278,51,6,14
3/10/2024,5,Alex Central Hospital,Hospital,Alexandria,104,Insulin,Diabetes,108,71,5,6
4/27/2024,2,El Amal Pharmacy,Pharmacy,Cairo,106,Metformin,Diabetes,141,65,7,1
3/16/2024,6,Delta Medical Center,Clinic,Mansoura,103,Ibuprofen,Painkiller,300,63,8,3
4/13/2024,5,Alex Central Hospital,Hospital,Alexandria,106,Metformin,Diabetes,228,52,12,2
1/25/2024,4,Nasr City Pharmacy,Pharmacy,Cairo,106,Metformin,Diabetes,104,28,17,6
3/7/2024,2,El Amal Pharmacy,Pharmacy,Cairo,101,Paracetamol,Painkiller,206,35,16,13
3/18/2024,3,Giza Health Center,Clinic,Giza,103,Ibuprofen,Painkiller,15,36,13,12
6/19/2024,2,El Amal Pharmacy,Pharmacy,Cairo,101,Paracetamol,Painkiller,70,49,11,3
5/8/2024,4,Nasr City Pharmacy,Pharmacy,Cairo,106,Metformin,Diabetes,169,64,5,11
6/6/2024,3,Giza Health Center,Clinic,Giza,103,Ibuprofen,Painkiller,123,34,6,8
6/4/2024,2,El Amal Pharmacy,Pharmacy,Cairo,104,Insulin,Diabetes,201,46,19,8
2/25/2024,5,Alex Central Hospital,Hospital,Alexandria,106,Metformin,Diabetes,136,63,4,9
6/29/2024,4,Nasr City Pharmacy,Pharmacy,Cairo,105,Aspirin,Cardio,195,24,20,2
5/9/2024,1,Cairo General Hospital,Hospital,Cairo,105,Aspirin,Cardio,113,56,19,3
5/13/2024,2,El Amal Pharmacy,Pharmacy,Cairo,103,Ibuprofen,Painkiller,236,27,8,12
1/24/2024,5,Alex Central Hospital,Hospital,Alexandria,104,Insulin,Diabetes,271,48,3,8
4/16/2024,2,El Amal Pharmacy,Pharmacy,Cairo,105,Aspirin,Cardio,243,56,3,9
3/19/2024,4,Nasr City Pharmacy,Pharmacy,Cairo,106,Metformin,Diabetes,21,45,10,14
2/25/2024,1,Cairo General Hospital,Hospital,Cairo,106,Metformin,Diabetes,47,22,15,6
5/18/2024,6,Delta Medical Center,Clinic,Mansoura,101,Paracetamol,Painkiller,40,79,4,8
4/14/2024,1,Cairo General Hospital,Hospital,Cairo,103,Ibuprofen,Painkiller,102,69,6,13
6/14/2024,6,Delta Medical Center,Clinic,Mansoura,106,Metformin,Diabetes,225,43,14,8
1/21/2024,4,Nasr City Pharmacy,Pharmacy,Cairo,104,Insulin,Diabetes,286,28,13,2
4/10/2024,2,El Amal Pharmacy,Pharmacy,Cairo,105,Aspirin,Cardio,280,28,9,14
3/17/2024,1,Cairo General Hospital,Hospital,Cairo,101,Paracetamol,Painkiller,247,63,19,7
2/28/2024,5,Alex Central Hospital,Hospital,Alexandria,104,Insulin,Diabetes,136,49,13,3
1/29/2024,3,Giza Health Center,Clinic,Giza,102,Amoxicillin,Antibiotic,26,71,15,10
2/22/2024,1,Cairo General Hospital,Hospital,Cairo,102,Amoxicillin,Antibiotic,44,26,3,8
6/29/2024,5,Alex Central Hospital,Hospital,Alexandria,106,Metformin,Diabetes,34,35,3,7
5/18/2024,4,Nasr City Pharmacy,Pharmacy,Cairo,102,Amoxicillin,Antibiotic,121,68,3,3
2/29/2024,5,Alex Central Hospital,Hospital,Alexandria,103,Ibuprofen,Painkiller,173,56,12,4
6/18/2024,3,Giza Health Center,Clinic,Giza,102,Amoxicillin,Antibiotic,276,34,15,5
5/22/2024,3,Giza Health Center,Clinic,Giza,101,Paracetamol,Painkiller,99,60,15,9
3/29/2024,4,Nasr City Pharmacy,Pharmacy,Cairo,101,Paracetamol,Painkiller,205,70,18,6
4/14/2024,6,Delta Medical Center,Clinic,Mansoura,104,Insulin,Diabetes,86,39,14,3
3/2/2024,5,Alex Central Hospital,Hospital,Alexandria,104,Insulin,Diabetes,125,39,6,13
5/23/2024,4,Nasr City Pharmacy,Pharmacy,Cairo,101,Paracetamol,Painkiller,221,46,19,9
3/3/2024,2,El Amal Pharmacy,Pharmacy,Cairo,104,Insulin,Diabetes,140,33,12,11
4/4/2024,1,Cairo General Hospital,Hospital,Cairo,104,Insulin,Diabetes,57,54,8,1
6/21/2024,3,Giza Health Center,Clinic,Giza,104,Insulin,Diabetes,30,75,4,4
6/20/2024,5,Alex Central Hospital,Hospital,Alexandria,106,Metformin,Diabetes,296,33,17,4
1/4/2024,3,Giza Health Center,Clinic,Giza,103,Ibuprofen,Painkiller,118,79,8,12
5/2/2024,1,Cairo General Hospital,Hospital,Cairo,106,Metformin,Diabetes,134,64,8,7
3/23/2024,2,El Amal Pharmacy,Pharmacy,Cairo,105,Aspirin,Cardio,154,44,16,9
3/19/2024,6,Delta Medical Center,Clinic,Mansoura,103,Ibuprofen,Painkiller,143,43,18,8
4/30/2024,4,Nasr City Pharmacy,Pharmacy,Cairo,101,Paracetamol,Painkiller,173,78,8,6
1/12/2024,3,Giza Health Center,Clinic,Giza,104,Insulin,Diabetes,298,75,9,12
3/7/2024,2,El Amal Pharmacy,Pharmacy,Cairo,101,Paracetamol,Painkiller,293,79,20,10
3/16/2024,6,Delta Medical Center,Clinic,Mansoura,104,Insulin,Diabetes,88,32,12,4
3/3/2024,4,Nasr City Pharmacy,Pharmacy,Cairo,105,Aspirin,Cardio,265,55,12,5
6/13/2024,4,Nasr City Pharmacy,Pharmacy,Cairo,106,Metformin,Diabetes,261,49,7,12
2/5/2024,3,Giza Health Center,Clinic,Giza,102,Amoxicillin,Antibiotic,289,51,7,9
5/14/2024,6,Delta Medical Center,Clinic,Mansoura,101,Paracetamol,Painkiller,27,73,4,14
1/2/2024,6,Delta Medical Center,Clinic,Mansoura,101,Paracetamol,Painkiller,221,28,9,2
1/3/2024,6,Delta Medical Center,Clinic,Mansoura,102,Amoxicillin,Antibiotic,121,52,16,6
6/12/2024,1,Cairo General Hospital,Hospital,Cairo,105,Aspirin,Cardio,257,62,17,1
5/21/2024,1,Cairo General Hospital,Hospital,Cairo,105,Aspirin,Cardio,220,20,2,9
5/17/2024,6,Delta Medical Center,Clinic,Mansoura,103,Ibuprofen,Painkiller,156,21,18,14
4/20/2024,6,Delta Medical Center,Clinic,Mansoura,106,Metformin,Diabetes,101,26,5,9
2/19/2024,2,El Amal Pharmacy,Pharmacy,Cairo,102,Amoxicillin,Antibiotic,279,36,13,5
4/5/2024,4,Nasr City Pharmacy,Pharmacy,Cairo,101,Paracetamol,Painkiller,217,49,20,4
3/17/2024,6,Delta Medical Center,Clinic,Mansoura,102,Amoxicillin,Antibiotic,51,61,3,2
4/6/2024,4,Nasr City Pharmacy,Pharmacy,Cairo,104,Insulin,Diabetes,292,50,3,11
2/13/2024,1,Cairo General Hospital,Hospital,Cairo,106,Metformin,Diabetes,52,51,15,11
1/25/2024,3,Giza Health Center,Clinic,Giza,105,Aspirin,Cardio,280,78,3,4
5/25/2024,2,El Amal Pharmacy,Pharmacy,Cairo,106,Metformin,Diabetes,253,37,3,2
5/19/2024,6,Delta Medical Center,Clinic,Mansoura,103,Ibuprofen,Painkiller,298,62,3,3
2/23/2024,3,Giza Health Center,Clinic,Giza,101,Paracetamol,Painkiller,83,68,14,2
5/24/2024,3,Giza Health Center,Clinic,Giza,102,Amoxicillin,Antibiotic,133,56,14,11
4/8/2024,5,Alex Central Hospital,Hospital,Alexandria,103,Ibuprofen,Painkiller,81,70,4,9
1/14/2024,6,Delta Medical Center,Clinic,Mansoura,103,Ibuprofen,Painkiller,60,47,9,14
6/3/2024,1,Cairo General Hospital,Hospital,Cairo,103,Ibuprofen,Painkiller,213,69,12,1
4/25/2024,6,Delta Medical Center,Clinic,Mansoura,103,Ibuprofen,Painkiller,261,34,13,9
2/17/2024,4,Nasr City Pharmacy,Pharmacy,Cairo,104,Insulin,Diabetes,204,25,11,13
1/19/2024,2,El Amal Pharmacy,Pharmacy,Cairo,106,Metformin,Diabetes,52,37,6,7
2/9/2024,6,Delta Medical Center,Clinic,Mansoura,106,Metformin,Diabetes,209,40,13,2
3/19/2024,1,Cairo General Hospital,Hospital,Cairo,101,Paracetamol,Painkiller,237,43,10,2
2/17/2024,2,El Amal Pharmacy,Pharmacy,Cairo,101,Paracetamol,Painkiller,230,48,19,9
1/27/2024,5,Alex Central Hospital,Hospital,Alexandria,104,Insulin,Diabetes,23,25,13,9
6/2/2024,1,Cairo General Hospital,Hospital,Cairo,105,Aspirin,Cardio,176,75,14,1
4/9/2024,3,Giza Health Center,Clinic,Giza,104,Insulin,Diabetes,53,66,19,4
2/13/2024,5,Alex Central Hospital,Hospital,Alexandria,105,Aspirin,Cardio,204,30,6,5
5/6/2024,3,Giza Health Center,Clinic,Giza,103,Ibuprofen,Painkiller,84,24,7,7
3/17/2024,3,Giza Health Center,Clinic,Giza,104,Insulin,Diabetes,257,70,4,6
6/9/2024,3,Giza Health Center,Clinic,Giza,102,Amoxicillin,Antibiotic,263,58,8,8
3/18/2024,1,Cairo General Hospital,Hospital,Cairo,102,Amoxicillin,Antibiotic,13,80,14,6
3/25/2024,5,Alex Central Hospital,Hospital,Alexandria,104,Insulin,Diabetes,235,41,15,14
2/4/2024,6,Delta Medical Center,Clinic,Mansoura,105,Aspirin,Cardio,163,40,8,8
4/11/2024,3,Giza Health Center,Clinic,Giza,102,Amoxicillin,Antibiotic,173,38,17,10
4/6/2024,2,El Amal Pharmacy,Pharmacy,Cairo,103,Ibuprofen,Painkiller,153,72,14,6
2/21/2024,1,Cairo General Hospital,Hospital,Cairo,105,Aspirin,Cardio,289,31,19,1
2/23/2024,6,Delta Medical Center,Clinic,Mansoura,104,Insulin,Diabetes,234,71,11,14
4/14/2024,6,Delta Medical Center,Clinic,Mansoura,101,Paracetamol,Painkiller,265,28,11,4
2/9/2024,3,Giza Health Center,Clinic,Giza,106,Metformin,Diabetes,226,70,14,2
5/2/2024,4,Nasr City Pharmacy,Pharmacy,Cairo,105,Aspirin,Cardio,215,54,18,14
5/19/2024,6,Delta Medical Center,Clinic,Mansoura,104,Insulin,Diabetes,28,70,13,12
6/12/2024,5,Alex Central Hospital,Hospital,Alexandria,105,Aspirin,Cardio,53,26,9,11
2/12/2024,6,Delta Medical Center,Clinic,Mansoura,103,Ibuprofen,Painkiller,32,56,14,13
1/28/2024,3,Giza Health Center,Clinic,Giza,104,Insulin,Diabetes,15,26,10,4
5/12/2024,5,Alex Central Hospital,Hospital,Alexandria,106,Metformin,Diabetes,295,57,20,4
4/10/2024,4,Nasr City Pharmacy,Pharmacy,Cairo,103,Ibuprofen,Painkiller,247,69,20,12
3/29/2024,5,Alex Central Hospital,Hospital,Alexandria,102,Amoxicillin,Antibiotic,22,50,5,5
1/30/2024,4,Nasr City Pharmacy,Pharmacy,Cairo,101,Paracetamol,Painkiller,82,42,11,6
5/13/2024,4,Nasr City Pharmacy,Pharmacy,Cairo,102,Amoxicillin,Antibiotic,257,42,17,2
6/27/2024,4,Nasr City Pharmacy,Pharmacy,Cairo,106,Metformin,Diabetes,241,40,4,5
1/30/2024,1,Cairo General Hospital,Hospital,Cairo,106,Metformin,Diabetes,21,74,12,11
2/12/2024,1,Cairo General Hospital,Hospital,Cairo,106,Metformin,Diabetes,134,53,7,9
5/23/2024,2,El Amal Pharmacy,Pharmacy,Cairo,103,Ibuprofen,Painkiller,228,49,9,13
2/17/2024,4,Nasr City Pharmacy,Pharmacy,Cairo,106,Metformin,Diabetes,105,60,15,7
6/6/2024,1,Cairo General Hospital,Hospital,Cairo,106,Metformin,Diabetes,111,48,20,7
6/29/2024,4,Nasr City Pharmacy,Pharmacy,Cairo,101,Paracetamol,Painkiller,119,33,10,13
5/27/2024,6,Delta Medical Center,Clinic,Mansoura,101,Paracetamol,Painkiller,62,71,19,3
2/20/2024,3,Giza Health Center,Clinic,Giza,103,Ibuprofen,Painkiller,244,27,10,11
6/12/2024,4,Nasr City Pharmacy,Pharmacy,Cairo,105,Aspirin,Cardio,170,58,14,10
1/30/2024,4,Nasr City Pharmacy,Pharmacy,Cairo,105,Aspirin,Cardio,188,42,16,10
6/29/2024,2,El Amal Pharmacy,Pharmacy,Cairo,106,Metformin,Diabetes,162,78,20,2
3/21/2024,6,Delta Medical Center,Clinic,Mansoura,102,Amoxicillin,Antibiotic,70,35,11,2
6/26/2024,2,El Amal Pharmacy,Pharmacy,Cairo,103,Ibuprofen,Painkiller,82,52,14,7
5/27/2024,5,Alex Central Hospital,Hospital,Alexandria,102,Amoxicillin,Antibiotic,206,47,7,8
6/26/2024,6,Delta Medical Center,Clinic,Mansoura,105,Aspirin,Cardio,98,55,7,8
2/17/2024,3,Giza Health Center,Clinic,Giza,102,Amoxicillin,Antibiotic,171,73,16,10
1/3/2024,1,Cairo General Hospital,Hospital,Cairo,103,Ibuprofen,Painkiller,258,28,8,14
